feature,importance
deteriorating_infrastructure,0.14786215803321764
climate_change,0.12975032266107203
encroachments,0.10478796800539147
siltation,0.08963465056603452
population_score,0.08338927737517646
ineffective_disaster_preparedness,0.07679166666043646
political_factors,0.07307995884699621
wetland_loss,0.06207475935247868
topography_drainage,0.05380387428599211
inadequate_planning,0.05328055185501248
monsoon_intensity,0.035978994191410006
urbanization,0.02925342217034389
dams_quality,0.0196808279403904
watersheds,0.016769369796363873
drainage_system,0.012635562579252151
river_management,0.011226635680431592
